Date,Price,Open,High,Low,Vol.,Change %,date
2014-11-16,89.2,90.99,94.12,87.97,30.16M,-2.85%,2014-11-16
2014-11-23,91.54,89.49,93.63,87.94,36.75M,2.62%,2014-11-23
2014-11-30,88.0,91.22,91.87,86.44,30.47M,-3.87%,2014-11-30
2014-12-07,79.56,87.93,88.68,77.85,45.64M,-9.59%,2014-12-07
2014-12-14,81.58,78.28,82.61,75.98,56.38M,2.54%,2014-12-14
2014-12-21,82.06,81.8,84.75,80.63,33.65M,0.59%,2014-12-21
2014-12-28,83.36,82.29,84.38,81.47,23.17M,1.58%,2014-12-28
2015-01-04,81.62,83.13,84.53,78.28,52.33M,-2.09%,2015-01-04
2015-01-11,79.68,81.56,81.65,78.03,44.05M,-2.38%,2015-01-11
2015-01-18,79.3,78.98,83.68,78.82,52.77M,-0.48%,2015-01-18
2015-01-25,79.31,79.39,80.16,77.36,39.14M,0.01%,2015-01-25
2015-02-01,78.66,79.35,83.05,76.5,41.17M,-0.82%,2015-02-01
2015-02-08,75.79,73.31,80.4,73.31,45.56M,-3.65%,2015-02-08
2015-02-15,76.69,76.13,77.72,75.4,18.49M,1.19%,2015-02-15
2015-02-22,76.26,76.68,77.48,73.91,43.81M,-0.56%,2015-02-22
2015-03-01,75.54,77.44,77.81,74.55,28.34M,-0.94%,2015-03-01
2015-03-08,72.61,75.35,75.35,70.54,29.67M,-3.88%,2015-03-08
2015-03-15,70.79,72.38,74.14,70.33,47.45M,-2.51%,2015-03-15
2015-03-22,71.11,71.36,73.58,69.78,44.11M,0.45%,2015-03-22
2015-03-29,72.15,71.06,73.13,70.11,25.14M,1.46%,2015-03-29
2015-04-05,74.84,72.55,77.77,71.53,28.36M,3.73%,2015-04-05
2015-04-12,72.91,74.32,75.56,72.13,29.69M,-2.58%,2015-04-12
2015-04-19,69.03,73.01,73.65,68.71,24.91M,-5.32%,2015-04-19
2015-04-26,67.56,69.28,69.45,66.25,24.73M,-2.13%,2015-04-26
2015-05-03,69.21,67.88,70.21,67.0,23.63M,2.44%,2015-05-03
2015-05-10,71.28,69.59,75.19,68.08,30.14M,2.99%,2015-05-10
2015-05-17,74.46,71.58,74.95,71.35,19.68M,4.46%,2015-05-17
2015-05-24,72.91,74.06,74.8,69.38,55.06M,-2.08%,2015-05-24
2015-05-31,72.4,73.12,74.63,69.23,26.24M,-0.70%,2015-05-31
2015-06-07,74.28,72.56,75.0,70.88,35.26M,2.60%,2015-06-07
2015-06-14,74.26,74.06,76.12,73.48,22.10M,-0.03%,2015-06-14
2015-06-21,74.91,74.42,78.36,73.36,29.90M,0.88%,2015-06-21
2015-06-28,72.23,74.25,75.23,71.84,27.08M,-3.58%,2015-06-28
2015-07-05,67.67,71.58,73.07,67.15,20.62M,-6.31%,2015-07-05
2015-07-12,69.71,68.03,70.97,67.82,24.37M,3.01%,2015-07-12
2015-07-19,67.71,69.71,70.69,66.96,29.15M,-2.87%,2015-07-19
2015-07-26,66.55,67.5,67.56,64.33,41.60M,-1.71%,2015-07-26
2015-08-02,64.1,66.56,66.66,63.85,50.74M,-3.68%,2015-08-02
2015-08-09,63.22,64.58,64.93,61.31,35.84M,-1.37%,2015-08-09
2015-08-16,58.38,63.22,65.07,57.28,26.77M,-7.66%,2015-08-16
2015-08-23,54.2,57.19,58.51,48.76,78.46M,-7.16%,2015-08-23
2015-08-30,52.66,54.0,56.37,51.76,52.34M,-2.84%,2015-08-30
2015-09-06,53.47,52.79,55.88,51.0,39.57M,1.54%,2015-09-06
2015-09-13,53.86,53.6,55.36,53.27,24.70M,0.73%,2015-09-13
2015-09-20,55.27,53.79,56.79,53.12,16.73M,2.62%,2015-09-20
2015-09-27,54.98,55.25,58.43,53.34,16.43M,-0.52%,2015-09-27
2015-10-04,58.43,56.06,59.18,54.79,14.64M,6.28%,2015-10-04
2015-10-11,60.94,58.13,61.28,57.79,19.15M,4.30%,2015-10-11
2015-10-18,61.17,61.11,61.88,59.26,15.20M,0.38%,2015-10-18
2015-10-25,57.83,61.13,62.18,57.28,36.79M,-5.46%,2015-10-25
2015-11-01,54.03,58.13,59.13,53.5,27.60M,-6.57%,2015-11-01
2015-11-08,52.88,53.04,54.38,51.78,13.66M,-2.13%,2015-11-08
2015-11-15,65.54,52.78,67.48,51.95,79.65M,23.94%,2015-11-15
2015-11-22,69.07,65.59,69.53,64.5,72.30M,5.39%,2015-11-22
2015-11-29,66.76,68.45,69.38,65.88,39.33M,-3.34%,2015-11-29
2015-12-06,63.51,66.84,68.03,62.57,41.43M,-4.87%,2015-12-06
2015-12-13,63.68,62.95,67.41,62.8,41.56M,0.27%,2015-12-13
2015-12-20,67.91,63.68,68.25,62.55,34.79M,6.64%,2015-12-20
2015-12-27,69.33,68.08,70.86,67.44,49.75M,2.09%,2015-12-27
2016-01-03,69.98,69.33,71.44,67.23,41.20M,0.94%,2016-01-03
2016-01-10,62.97,69.69,70.28,62.55,32.71M,-10.02%,2016-01-10
2016-01-17,68.8,62.81,69.94,61.71,37.68M,9.26%,2016-01-17
2016-01-24,69.11,69.23,69.84,65.67,47.67M,0.45%,2016-01-24
2016-01-31,64.23,69.0,69.98,63.47,36.57M,-7.06%,2016-01-31
2016-02-07,60.93,63.69,66.69,59.03,55.01M,-5.14%,2016-02-07
2016-02-14,61.1,61.39,63.53,57.72,32.63M,0.28%,2016-02-14
2016-02-21,57.02,60.94,61.87,55.86,36.19M,-6.68%,2016-02-21
2016-02-28,63.94,57.02,65.41,54.43,50.91M,12.14%,2016-02-28
2016-03-06,63.65,63.38,66.83,63.1,24.79M,-0.45%,2016-03-06
2016-03-13,68.32,63.99,68.78,62.3,48.23M,7.34%,2016-03-13
2016-03-20,66.77,68.84,69.09,66.52,16.80M,-2.27%,2016-03-20
2016-03-27,65.19,66.75,67.88,64.74,44.66M,-2.37%,2016-03-27
2016-04-03,65.13,65.7,66.0,62.79,26.81M,-0.09%,2016-04-03
2016-04-10,69.29,65.62,69.85,64.42,22.50M,6.39%,2016-04-10
2016-04-17,68.76,68.52,70.2,67.05,29.46M,-0.76%,2016-04-17
2016-04-24,67.57,69.19,70.63,66.34,37.67M,-1.73%,2016-04-24
2016-05-01,71.97,67.5,72.54,66.85,40.93M,6.51%,2016-05-01
2016-05-08,71.18,72.55,73.99,70.37,32.17M,-1.10%,2016-05-08
2016-05-15,69.67,71.27,72.75,69.38,26.49M,-2.12%,2016-05-15
2016-05-22,71.12,70.25,73.1,68.57,43.70M,2.08%,2016-05-22
2016-05-29,69.42,71.71,72.15,68.65,74.59M,-2.39%,2016-05-29
2016-06-05,69.18,69.05,71.36,68.78,33.85M,-0.35%,2016-06-05
2016-06-12,72.61,68.52,72.77,68.26,48.94M,4.96%,2016-06-12
2016-06-19,70.72,72.61,73.52,67.8,34.53M,-2.60%,2016-06-19
2016-06-26,74.13,70.66,74.41,70.14,41.05M,4.82%,2016-06-26
2016-07-03,70.41,74.63,75.51,70.23,40.64M,-5.02%,2016-07-03
2016-07-10,73.83,71.11,74.81,70.6,52.15M,4.86%,2016-07-10
2016-07-17,74.02,73.69,75.53,71.32,26.74M,0.26%,2016-07-17
2016-07-24,71.58,74.27,74.72,71.3,37.43M,-3.30%,2016-07-24
2016-07-31,71.73,71.63,72.47,69.47,29.89M,0.21%,2016-07-31
2016-08-07,70.15,71.7,72.62,69.3,21.80M,-2.20%,2016-08-07
2016-08-14,68.22,70.08,70.6,67.92,38.00M,-2.75%,2016-08-14
2016-08-21,70.99,68.38,72.19,68.03,85.29M,4.06%,2016-08-21
2016-08-28,74.2,71.42,74.34,70.4,43.77M,4.52%,2016-08-28
2016-09-04,74.06,74.37,76.44,72.25,75.87M,-0.19%,2016-09-04
2016-09-11,72.83,73.01,74.16,71.89,39.09M,-1.66%,2016-09-11
2016-09-18,72.39,72.86,73.88,72.06,55.25M,-0.60%,2016-09-18
2016-09-25,70.25,72.01,72.56,67.08,62.29M,-2.96%,2016-09-25
2016-10-02,77.63,69.93,78.71,69.67,106.17M,10.51%,2016-10-02
2016-10-09,80.7,78.0,81.14,76.88,46.55M,3.95%,2016-10-09
2016-10-16,82.49,81.54,84.18,79.63,70.52M,2.22%,2016-10-16
2016-10-23,81.26,83.14,84.56,80.42,48.06M,-1.49%,2016-10-23
2016-10-30,79.5,81.15,82.88,78.62,44.51M,-2.17%,2016-10-30
2016-11-06,82.17,79.82,85.5,78.38,51.27M,3.36%,2016-11-06
2016-11-13,80.06,83.06,83.78,78.86,39.06M,-2.57%,2016-11-13
2016-11-20,78.23,80.63,81.28,75.19,47.07M,-2.29%,2016-11-20
2016-11-27,81.17,78.04,83.51,77.53,73.39M,3.76%,2016-11-27
2016-12-04,80.5,80.95,81.88,79.52,34.57M,-0.83%,2016-12-04
2016-12-11,77.83,80.2,80.67,77.0,33.93M,-3.32%,2016-12-11
2016-12-18,80.92,77.63,81.38,77.44,40.62M,3.97%,2016-12-18
2016-12-25,82.35,80.63,83.06,78.47,61.96M,1.77%,2016-12-25
2017-01-01,82.98,82.5,84.52,81.38,46.11M,0.77%,2017-01-01
2017-01-08,84.8,83.16,85.31,81.55,63.04M,2.19%,2017-01-08
2017-01-15,86.27,84.94,88.34,81.79,95.31M,1.73%,2017-01-15
2017-01-22,90.38,86.34,92.59,86.33,80.33M,4.76%,2017-01-22
2017-01-29,89.76,90.56,91.5,86.93,101.98M,-0.69%,2017-01-29
2017-02-05,90.63,89.94,92.69,88.6,48.74M,0.97%,2017-02-05
2017-02-12,95.66,91.69,96.19,89.16,79.76M,5.55%,2017-02-12
2017-02-19,97.04,95.86,99.53,95.66,91.63M,1.44%,2017-02-19
2017-02-26,97.55,97.63,98.66,93.56,106.44M,0.53%,2017-02-26
2017-03-05,94.56,98.43,100.15,92.28,262.02M,-3.07%,2017-03-05
2017-03-12,93.79,96.34,96.96,93.2,93.35M,-0.81%,2017-03-12
2017-03-19,95.33,93.45,95.75,91.66,66.55M,1.64%,2017-03-19
2017-03-26,94.24,95.7,96.74,92.9,110.75M,-1.14%,2017-03-26
2017-04-02,96.66,94.25,98.0,94.25,51.16M,2.57%,2017-04-02
2017-04-09,94.93,96.78,97.25,94.25,33.36M,-1.79%,2017-04-09
2017-04-16,99.88,95.03,103.0,95.03,86.62M,5.21%,2017-04-16
2017-04-23,105.99,100.25,106.13,99.79,70.34M,6.12%,2017-04-23
2017-04-30,104.7,106.0,108.43,103.41,40.11M,-1.22%,2017-04-30
2017-05-07,102.3,105.2,105.75,100.0,35.05M,-2.29%,2017-05-07
2017-05-14,100.26,103.26,104.0,99.0,41.98M,-1.99%,2017-05-14
2017-05-21,100.44,101.08,101.08,91.38,104.56M,0.18%,2017-05-21
2017-05-28,100.59,100.0,104.45,98.79,64.82M,0.15%,2017-05-28
2017-06-04,95.29,100.53,102.18,94.61,50.26M,-5.27%,2017-06-04
2017-06-11,94.59,95.25,96.81,93.25,61.28M,-0.73%,2017-06-11
2017-06-18,88.54,94.84,95.85,87.75,61.07M,-6.40%,2017-06-18
2017-06-25,90.36,89.0,91.88,86.66,45.58M,2.06%,2017-06-25
2017-07-02,89.74,90.5,92.24,88.88,32.14M,-0.69%,2017-07-02
2017-07-09,97.59,92.25,98.33,89.5,50.74M,8.75%,2017-07-09
2017-07-16,94.25,97.0,97.61,93.74,54.59M,-3.42%,2017-07-16
2017-07-23,94.99,94.6,96.56,93.05,63.01M,0.79%,2017-07-23
2017-07-30,94.44,95.36,96.5,92.03,38.41M,-0.58%,2017-07-30
2017-08-06,92.24,95.18,97.38,88.94,58.85M,-2.33%,2017-08-06
2017-08-13,95.31,93.46,96.18,92.45,37.10M,3.33%,2017-08-13
2017-08-20,95.75,95.48,97.63,93.0,53.06M,0.46%,2017-08-20
2017-08-27,96.04,96.0,97.48,93.05,48.85M,0.30%,2017-08-27
2017-09-03,95.03,96.2,96.95,93.83,39.29M,-1.05%,2017-09-03
2017-09-10,99.96,96.0,103.75,96.0,116.96M,5.19%,2017-09-10
2017-09-17,99.64,100.61,106.59,98.94,98.40M,-0.32%,2017-09-17
2017-09-24,104.76,99.75,107.25,96.78,120.73M,5.14%,2017-09-24
2017-10-01,113.18,106.38,114.29,105.5,99.25M,8.04%,2017-10-01
2017-10-08,109.38,113.25,114.36,109.0,70.52M,-3.36%,2017-10-08
2017-10-15,108.31,109.13,111.15,107.81,39.27M,-0.98%,2017-10-15
2017-10-22,117.78,108.63,118.98,108.25,108.04M,8.74%,2017-10-22
2017-10-29,115.96,117.53,119.84,115.51,53.86M,-1.55%,2017-10-29
2017-11-05,114.28,115.75,119.41,112.0,63.08M,-1.45%,2017-11-05
2017-11-12,111.19,114.53,116.0,110.26,83.39M,-2.70%,2017-11-12
2017-11-19,117.76,111.0,118.09,110.86,71.46M,5.91%,2017-11-19
2017-11-26,113.95,116.63,118.35,112.33,63.83M,-3.24%,2017-11-26
2017-12-03,120.63,113.95,124.98,112.45,106.41M,5.86%,2017-12-03
2017-12-10,121.41,121.71,125.7,119.29,93.35M,0.65%,2017-12-10
2017-12-17,125.78,121.98,127.38,118.96,75.85M,3.60%,2017-12-17
2017-12-24,124.91,127.03,129.88,124.21,88.38M,-0.69%,2017-12-24
2017-12-31,123.6,125.7,126.19,122.13,34.54M,-1.05%,2017-12-31
2018-01-07,125.29,125.0,126.66,123.13,42.90M,1.37%,2018-01-07
2018-01-14,117.19,125.34,125.69,114.91,59.42M,-6.47%,2018-01-14
2018-01-21,123.44,117.51,124.75,111.78,118.71M,5.33%,2018-01-21
2018-01-28,116.61,123.11,124.7,115.4,70.57M,-5.53%,2018-01-28
2018-02-04,115.61,115.0,118.0,109.76,63.44M,-0.86%,2018-02-04
2018-02-11,117.08,117.0,119.78,114.78,40.70M,1.27%,2018-02-11
2018-02-18,114.6,117.5,118.4,113.14,55.51M,-2.11%,2018-02-18
2018-02-25,113.56,115.0,118.59,112.89,48.18M,-0.91%,2018-02-25
2018-03-04,109.23,113.0,113.24,108.31,48.74M,-3.82%,2018-03-04
2018-03-11,110.25,109.68,115.91,109.5,47.99M,0.94%,2018-03-11
2018-03-18,109.9,111.73,112.0,107.4,79.43M,-0.32%,2018-03-18
2018-03-25,109.52,110.0,110.55,103.03,97.17M,-0.35%,2018-03-25
2018-04-01,111.42,110.33,113.0,106.83,40.30M,1.73%,2018-04-01
2018-04-08,108.95,111.37,111.85,107.43,35.59M,-2.21%,2018-04-08
2018-04-15,110.18,108.67,114.25,107.02,37.01M,1.13%,2018-04-15
2018-04-22,110.27,110.9,113.27,107.0,45.87M,0.08%,2018-04-22
2018-04-29,109.92,110.27,111.17,106.68,39.65M,-0.32%,2018-04-29
2018-05-06,114.2,110.07,116.2,108.93,55.39M,3.90%,2018-05-06
2018-05-13,107.17,114.33,117.15,106.73,76.25M,-6.16%,2018-05-13
2018-05-20,106.38,107.77,109.78,99.58,85.91M,-0.73%,2018-05-20
2018-05-27,113.78,107.5,117.68,107.5,79.57M,6.96%,2018-05-27
2018-06-03,114.13,114.2,115.7,109.38,45.74M,0.31%,2018-06-03
2018-06-10,111.63,114.43,115.43,111.08,41.31M,-2.19%,2018-06-10
2018-06-17,113.33,111.6,115.18,111.0,70.17M,1.52%,2018-06-17
2018-06-24,113.42,113.9,116.27,105.18,82.40M,0.07%,2018-06-24
2018-07-01,114.73,113.45,118.13,110.88,63.17M,1.16%,2018-07-01
2018-07-08,118.95,114.7,122.0,114.13,64.11M,3.68%,2018-07-08
2018-07-15,119.93,118.93,122.12,116.77,40.10M,0.83%,2018-07-15
2018-07-22,126.17,120.47,126.6,118.47,67.34M,5.20%,2018-07-22
2018-07-29,129.4,126.67,129.93,122.78,53.03M,2.56%,2018-07-29
2018-08-05,120.98,130.0,130.67,117.9,60.38M,-6.50%,2018-08-05
2018-08-12,129.23,121.32,133.13,121.0,104.79M,6.82%,2018-08-12
2018-08-19,126.88,130.03,130.67,125.0,49.95M,-1.82%,2018-08-19
2018-08-26,124.07,128.05,131.62,120.93,101.27M,-2.22%,2018-08-26
2018-09-02,125.73,125.27,126.53,118.05,60.70M,1.34%,2018-09-02
2018-09-09,123.32,125.67,127.32,122.6,53.18M,-1.92%,2018-09-09
2018-09-16,130.05,123.27,131.52,122.03,69.85M,5.46%,2018-09-16
2018-09-23,126.33,130.0,131.02,121.18,103.32M,-2.86%,2018-09-23
2018-09-30,110.68,127.27,128.92,98.42,105.60M,-12.39%,2018-09-30
2018-10-07,119.77,110.02,120.33,109.0,78.36M,8.21%,2018-10-07
2018-10-14,114.77,119.63,121.42,113.83,49.33M,-4.17%,2018-10-14
2018-10-21,113.78,115.88,117.75,111.28,129.54M,-0.86%,2018-10-21
2018-10-28,123.25,114.57,125.47,113.23,89.22M,8.32%,2018-10-28
2018-11-04,122.45,123.97,127.33,121.4,56.08M,-0.65%,2018-11-04
2018-11-11,114.07,123.0,124.17,113.75,68.08M,-6.85%,2018-11-11
2018-11-18,114.92,114.17,116.67,110.07,57.71M,0.75%,2018-11-18
2018-11-25,114.35,115.8,117.82,112.0,94.45M,-0.49%,2018-11-25
2018-12-02,111.57,113.67,119.93,110.27,76.63M,-2.43%,2018-12-02
2018-12-09,117.08,110.93,117.73,109.33,63.16M,4.94%,2018-12-09
2018-12-16,115.02,117.1,119.8,114.7,44.23M,-1.77%,2018-12-16
2018-12-23,118.77,115.03,121.17,113.28,79.70M,3.26%,2018-12-23
2018-12-30,117.72,119.2,121.33,115.65,37.68M,-0.88%,2018-12-30
2019-01-06,112.87,117.83,119.72,112.4,46.63M,-4.12%,2019-01-06
2019-01-13,107.38,112.67,112.77,106.83,78.99M,-4.86%,2019-01-13
2019-01-20,111.63,107.67,112.5,106.82,54.42M,3.96%,2019-01-20
2019-01-27,111.17,111.52,111.78,106.55,91.37M,-0.42%,2019-01-27
2019-02-03,112.12,110.38,114.23,108.52,47.69M,0.85%,2019-02-03
2019-02-10,105.92,111.43,111.8,102.27,69.35M,-5.53%,2019-02-10
2019-02-17,109.05,106.18,112.2,103.58,67.93M,2.96%,2019-02-17
2019-02-24,114.62,108.7,116.43,107.22,117.64M,5.10%,2019-02-24
2019-03-03,116.55,114.33,117.0,113.75,35.69M,1.69%,2019-03-03
2019-03-10,119.78,116.77,120.67,115.65,66.46M,2.77%,2019-03-10
2019-03-17,116.32,120.67,122.17,115.77,40.84M,-2.89%,2019-03-17
2019-03-24,115.88,116.23,121.0,114.33,63.81M,-0.37%,2019-03-24
2019-03-31,116.27,117.33,121.62,114.53,59.54M,0.33%,2019-03-31
2019-04-07,118.92,116.67,119.82,112.03,66.46M,2.28%,2019-04-07
2019-04-14,117.32,118.83,119.43,116.17,25.59M,-1.35%,2019-04-14
2019-04-21,117.8,117.1,118.43,110.57,70.10M,0.41%,2019-04-21
2019-04-28,115.15,117.08,118.95,114.13,33.23M,-2.25%,2019-04-28
2019-05-05,113.85,113.98,118.98,111.02,48.28M,-1.13%,2019-05-05
2019-05-12,111.02,113.85,118.43,108.9,45.91M,-2.49%,2019-05-12
2019-05-19,113.88,113.33,116.93,111.4,37.04M,2.58%,2019-05-19
2019-05-26,120.33,114.33,121.03,113.92,117.30M,5.66%,2019-05-26
2019-06-02,104.62,120.97,121.8,102.57,139.86M,-13.06%,2019-06-02
2019-06-09,102.83,106.33,106.67,100.95,92.74M,-1.70%,2019-06-09
2019-06-16,103.87,103.0,104.63,100.87,59.82M,1.00%,2019-06-16
2019-06-23,103.98,103.98,104.42,101.42,71.51M,0.11%,2019-06-23
2019-06-30,102.13,103.32,104.92,101.42,74.21M,-1.78%,2019-06-30
2019-07-07,97.77,101.82,101.83,96.2,57.59M,-4.28%,2019-07-07
2019-07-14,91.73,98.0,98.67,91.4,56.30M,-6.17%,2019-07-14
2019-07-21,88.63,91.13,93.87,88.27,47.40M,-3.38%,2019-07-21
2019-07-28,85.1,88.8,89.7,82.53,52.95M,-3.99%,2019-07-28
2019-08-04,82.57,84.07,84.37,79.73,58.18M,-2.98%,2019-08-04
2019-08-11,86.43,83.23,87.63,82.67,70.54M,4.68%,2019-08-11
2019-08-18,82.93,86.97,87.27,79.67,64.03M,-4.05%,2019-08-18
2019-08-25,86.53,84.53,89.07,82.13,79.50M,4.34%,2019-08-25
2019-09-01,87.57,85.7,88.17,83.37,46.63M,1.19%,2019-09-01
2019-09-08,86.17,87.77,88.47,82.43,46.75M,-1.60%,2019-09-08
2019-09-15,89.8,86.93,91.3,85.73,114.71M,4.22%,2019-09-15
2019-09-22,89.43,92.67,99.17,88.33,79.00M,-0.41%,2019-09-22
2019-09-29,88.1,89.87,91.0,86.53,52.23M,-1.49%,2019-09-29
2019-10-06,83.3,88.0,88.47,83.03,51.50M,-5.45%,2019-10-06
2019-10-13,86.37,83.67,86.93,82.37,72.31M,3.68%,2019-10-13
2019-10-20,82.03,86.37,87.3,81.57,50.09M,-5.02%,2019-10-20
2019-10-27,90.1,82.67,93.07,81.73,83.50M,9.83%,2019-10-27
2019-11-03,84.7,90.97,93.17,83.93,79.96M,-5.99%,2019-11-03
2019-11-10,82.87,84.6,87.2,79.73,96.92M,-2.16%,2019-11-10
2019-11-17,81.57,82.47,83.87,80.7,65.36M,-1.57%,2019-11-17
2019-11-24,84.03,82.0,85.63,81.0,88.69M,3.02%,2019-11-24
2019-12-01,78.1,85.23,85.23,77.23,68.42M,-7.06%,2019-12-01
2019-12-08,79.87,78.53,80.6,73.63,106.74M,2.26%,2019-12-08
2019-12-15,79.7,79.87,81.6,77.03,73.26M,-0.21%,2019-12-15
2019-12-22,79.03,79.13,81.13,78.4,49.10M,-0.84%,2019-12-22
2019-12-29,83.77,79.03,85.87,78.9,78.44M,5.99%,2019-12-29
2020-01-05,83.57,83.33,85.17,81.83,53.93M,-0.24%,2020-01-05
2020-01-12,84.23,83.93,88.9,81.83,111.95M,0.80%,2020-01-12
2020-01-19,86.33,84.0,87.8,83.03,80.00M,2.49%,2020-01-19
2020-01-26,80.3,86.0,86.33,79.6,69.24M,-6.99%,2020-01-26
2020-02-02,82.0,81.0,83.07,76.0,95.80M,2.12%,2020-02-02
2020-02-09,81.7,82.73,88.33,79.5,177.99M,-0.37%,2020-02-09
2020-02-16,79.53,81.33,81.33,77.83,71.69M,-2.65%,2020-02-16
2020-02-23,69.6,79.0,79.53,68.0,115.91M,-12.49%,2020-02-23
2020-03-01,71.87,70.67,74.17,65.8,135.97M,3.26%,2020-03-01
2020-03-08,56.37,69.07,69.9,43.33,196.53M,-21.57%,2020-03-08
2020-03-15,53.87,54.67,55.07,43.73,182.28M,-4.44%,2020-03-15
2020-03-22,46.33,49.33,55.0,46.07,128.93M,-13.99%,2020-03-22
2020-03-29,53.93,46.27,54.67,45.03,118.02M,16.40%,2020-03-29
2020-04-05,58.5,56.0,63.3,55.03,91.60M,8.47%,2020-04-05
2020-04-12,59.8,59.13,61.3,55.87,69.35M,2.22%,2020-04-12
2020-04-19,54.33,60.67,60.67,52.47,130.97M,-9.14%,2020-04-19
2020-04-26,63.8,55.07,64.37,54.17,116.35M,17.42%,2020-04-26
2020-05-03,60.9,61.47,64.17,59.73,110.09M,-4.55%,2020-05-03
2020-05-10,57.2,61.33,63.07,56.5,91.42M,-6.08%,2020-05-10
2020-05-17,58.13,57.4,58.8,53.67,103.95M,1.63%,2020-05-17
2020-05-24,61.57,58.13,62.5,57.43,78.07M,5.91%,2020-05-24
2020-05-31,65.23,62.63,66.23,60.6,109.46M,5.95%,2020-05-31
2020-06-07,64.23,66.3,70.87,60.83,236.38M,-1.53%,2020-06-07
2020-06-14,66.33,64.2,67.93,63.0,139.00M,3.27%,2020-06-14
2020-06-21,70.1,66.6,71.33,65.2,203.93M,5.68%,2020-06-21
2020-06-28,69.93,70.03,70.67,66.83,94.00M,-0.24%,2020-06-28
2020-07-05,68.27,69.27,71.67,67.8,127.55M,-2.38%,2020-07-05
2020-07-12,67.23,69.3,69.3,62.97,78.98M,-1.51%,2020-07-12
2020-07-19,66.37,67.8,70.0,65.87,93.55M,-1.29%,2020-07-19
2020-07-26,64.43,66.8,67.17,64.17,64.92M,-2.91%,2020-07-26
2020-08-02,64.6,64.6,64.93,61.9,98.67M,0.26%,2020-08-02
2020-08-09,63.97,64.83,66.4,63.77,96.05M,-0.98%,2020-08-09
2020-08-16,67.83,64.1,68.77,63.73,137.24M,6.04%,2020-08-16
2020-08-23,66.07,68.0,68.8,65.87,69.97M,-2.60%,2020-08-23
2020-08-30,65.37,66.6,67.67,62.67,110.98M,-1.06%,2020-08-30
2020-09-06,60.5,65.33,65.9,59.87,104.47M,-7.45%,2020-09-06
2020-09-13,61.4,61.27,62.43,60.33,95.22M,1.49%,2020-09-13
2020-09-20,56.8,61.47,61.47,54.63,125.71M,-7.49%,2020-09-20
2020-09-27,58.93,57.7,59.4,57.0,58.87M,3.76%,2020-09-27
2020-10-04,57.13,59.0,59.87,55.53,96.86M,-3.05%,2020-10-04
2020-10-11,56.0,57.6,57.67,54.13,81.41M,-1.98%,2020-10-11
2020-10-18,58.2,56.13,59.57,56.0,114.67M,3.93%,2020-10-18
2020-10-25,56.5,58.43,58.53,54.77,82.30M,-2.92%,2020-10-25
2020-11-01,57.2,56.73,58.63,55.37,92.25M,1.24%,2020-11-01
2020-11-08,61.87,57.47,62.93,57.1,143.55M,8.16%,2020-11-08
2020-11-15,64.97,62.67,65.3,61.8,108.35M,5.01%,2020-11-15
2020-11-22,68.43,66.0,71.13,65.07,196.53M,5.34%,2020-11-22
2020-11-29,79.87,69.1,81.33,68.73,416.74M,16.71%,2020-11-29
2020-12-06,83.9,80.5,85.87,79.57,203.79M,5.05%,2020-12-06
2020-12-13,83.37,84.67,85.47,80.8,141.36M,-0.64%,2020-12-13
2020-12-20,80.1,83.33,83.33,75.03,161.03M,-3.92%,2020-12-20
2020-12-27,82.43,80.77,83.07,80.37,95.66M,2.91%,2020-12-27
2021-01-03,88.5,83.2,90.67,83.1,196.44M,7.36%,2021-01-03
2021-01-10,92.33,89.33,97.47,88.03,275.33M,4.33%,2021-01-10
2021-01-17,89.37,93.87,94.67,88.37,183.91M,-3.21%,2021-01-17
2021-01-24,83.53,90.0,91.3,82.87,130.56M,-6.53%,2021-01-24
2021-01-31,85.47,82.83,90.17,82.83,139.48M,2.32%,2021-01-31
2021-02-07,88.6,86.6,92.0,86.1,197.60M,3.67%,2021-02-07
2021-02-14,96.93,89.3,99.63,87.9,357.09M,9.41%,2021-02-14
2021-02-21,94.53,96.67,101.87,93.6,222.90M,-2.48%,2021-02-21
2021-02-28,98.1,96.07,100.0,95.0,151.32M,3.77%,2021-02-28
2021-03-07,97.9,98.93,105.3,97.1,180.66M,-0.20%,2021-03-07
2021-03-14,92.33,98.53,98.53,85.87,170.38M,-5.69%,2021-03-14
2021-03-21,87.87,93.33,93.33,84.97,122.84M,-4.84%,2021-03-21
2021-03-28,93.43,89.27,93.97,87.2,183.23M,6.33%,2021-03-28
2021-04-04,92.53,92.67,94.57,89.4,114.90M,-0.96%,2021-04-04
2021-04-11,93.07,89.6,94.93,87.03,91.61M,0.58%,2021-04-11
2021-04-18,86.27,90.0,93.17,85.67,97.77M,-7.31%,2021-04-18
2021-04-25,91.47,87.13,94.3,86.5,83.04M,6.03%,2021-04-25
2021-05-02,100.17,90.73,101.77,89.77,159.01M,9.51%,2021-05-02
2021-05-09,101.8,100.17,110.5,100.17,149.50M,1.63%,2021-05-09
2021-05-16,97.17,102.67,105.33,96.87,104.57M,-4.55%,2021-05-16
2021-05-23,101.97,97.67,104.93,97.27,121.53M,4.94%,2021-05-23
2021-05-30,108.0,102.67,109.83,102.13,152.33M,5.92%,2021-05-30
2021-06-06,109.17,108.33,113.53,105.53,208.20M,1.08%,2021-06-06
2021-06-13,103.37,109.6,110.8,101.73,108.34M,-5.31%,2021-06-13
2021-06-20,102.07,102.0,105.8,100.83,66.40M,-1.26%,2021-06-20
2021-06-27,100.87,103.07,103.43,99.5,65.95M,-1.18%,2021-06-27
2021-07-04,98.1,101.53,103.4,98.0,64.32M,-2.74%,2021-07-04
2021-07-11,96.53,99.0,100.93,95.33,81.98M,-1.60%,2021-07-11
2021-07-18,94.93,96.53,98.67,93.83,61.78M,-1.66%,2021-07-18
2021-07-25,93.03,94.67,94.73,91.07,72.82M,-2.00%,2021-07-25
2021-08-01,99.17,93.97,102.63,92.9,163.61M,6.59%,2021-08-01
2021-08-08,98.93,100.13,101.27,95.87,94.47M,-0.24%,2021-08-08
2021-08-15,93.57,98.97,99.5,93.33,44.25M,-5.42%,2021-08-15
2021-08-22,95.67,95.07,98.67,93.33,88.82M,2.24%,2021-08-22
2021-08-29,98.27,95.57,99.57,95.57,90.18M,2.72%,2021-08-29
2021-09-05,96.77,99.33,99.73,96.0,51.14M,-1.53%,2021-09-05
2021-09-12,102.73,97.3,106.5,96.3,141.55M,6.17%,2021-09-12
2021-09-19,101.73,101.33,103.77,96.67,85.31M,-0.97%,2021-09-19
2021-09-26,108.77,103.33,110.8,101.33,213.29M,6.91%,2021-09-26
2021-10-03,105.43,109.6,114.2,105.1,152.34M,-3.07%,2021-10-03
2021-10-10,106.7,105.93,109.13,104.7,65.81M,1.20%,2021-10-10
2021-10-17,100.33,107.33,109.2,99.07,87.99M,-5.97%,2021-10-17
2021-10-24,99.23,101.03,104.17,97.0,97.02M,-1.10%,2021-10-24
2021-10-31,101.0,101.67,103.2,99.33,72.15M,1.78%,2021-10-31
2021-11-07,98.67,101.67,102.1,98.33,99.69M,-2.31%,2021-11-07
2021-11-14,93.97,98.57,99.33,93.57,40.69M,-4.76%,2021-11-14
2021-11-21,89.07,94.0,95.47,88.7,72.47M,-5.21%,2021-11-21
2021-11-28,88.17,89.07,89.8,85.17,90.13M,-1.01%,2021-11-28
2021-12-05,90.3,88.3,90.67,84.57,78.61M,2.42%,2021-12-05
2021-12-12,86.33,91.2,91.5,85.1,90.94M,-4.39%,2021-12-12
2021-12-19,87.23,86.33,89.43,83.47,66.08M,1.04%,2021-12-19
2021-12-26,86.13,87.23,89.0,85.0,54.87M,-1.26%,2021-12-26
2022-01-02,93.03,86.33,93.33,86.2,66.16M,8.01%,2022-01-02
2022-01-09,96.2,93.33,97.07,93.3,45.87M,3.40%,2022-01-09
2022-01-16,95.6,94.37,99.0,93.83,77.74M,-0.62%,2022-01-16
2022-01-23,94.53,94.7,97.47,92.07,64.19M,-1.12%,2022-01-23
2022-01-30,97.7,95.33,101.3,94.97,85.89M,3.35%,2022-01-30
2022-02-06,93.77,98.3,99.27,93.33,83.94M,-4.03%,2022-02-06
2022-02-13,93.9,92.67,94.9,89.43,48.36M,0.14%,2022-02-13
2022-02-20,89.87,93.6,93.7,85.73,71.13M,-4.29%,2022-02-20
2022-02-27,103.63,90.0,106.67,89.23,165.10M,15.32%,2022-02-27
2022-03-06,101.6,104.2,109.33,97.83,161.41M,-1.96%,2022-03-06
2022-03-13,100.87,102.6,104.27,97.8,107.51M,-0.72%,2022-03-13
2022-03-20,98.43,98.17,99.1,95.13,102.75M,-2.41%,2022-03-20
2022-03-27,108.03,101.33,108.27,100.17,142.21M,9.75%,2022-03-27
2022-04-03,108.1,109.07,109.6,105.9,67.66M,0.06%,2022-04-03
2022-04-10,112.43,108.67,113.0,108.37,76.34M,4.01%,2022-04-10
2022-04-17,109.47,111.43,115.67,107.0,129.93M,-2.64%,2022-04-17
2022-04-24,106.1,107.93,108.57,103.0,107.57M,-3.08%,2022-04-24
2022-05-01,106.8,105.43,109.0,104.0,55.49M,0.66%,2022-05-01
2022-05-08,98.53,105.33,106.63,97.83,73.22M,-7.74%,2022-05-08
2022-05-15,104.2,99.3,104.77,98.6,46.03M,5.75%,2022-05-15
2022-05-22,95.2,103.33,104.0,94.8,60.45M,-8.64%,2022-05-22
2022-05-29,98.4,96.7,101.4,94.33,95.04M,3.36%,2022-05-29
2022-06-05,99.4,97.4,103.47,97.33,62.31M,1.02%,2022-06-05
2022-06-12,92.63,98.67,101.27,90.8,76.44M,-6.81%,2022-06-12
2022-06-19,88.3,93.3,93.3,86.0,82.86M,-4.68%,2022-06-19
2022-06-26,88.23,89.33,93.6,87.33,64.94M,-0.08%,2022-06-26
2022-07-03,91.5,87.33,94.27,86.37,43.51M,3.70%,2022-07-03
2022-07-10,93.63,91.5,94.5,90.77,56.50M,2.33%,2022-07-10
2022-07-17,94.4,93.8,98.27,91.53,61.65M,0.82%,2022-07-17
2022-07-24,97.73,96.53,98.6,95.2,59.22M,3.53%,2022-07-24
2022-07-31,88.6,97.73,99.2,88.33,154.75M,-9.34%,2022-07-31
2022-08-07,87.67,89.33,89.6,85.63,121.85M,-1.05%,2022-08-07
2022-08-14,88.77,88.3,90.93,87.47,76.12M,1.25%,2022-08-14
2022-08-21,89.7,87.43,90.93,85.4,90.05M,1.05%,2022-08-21
2022-08-28,90.2,88.87,91.53,88.0,66.50M,0.56%,2022-08-28
2022-09-04,92.4,90.67,93.85,89.4,70.99M,2.44%,2022-09-04
2022-09-11,91.9,92.7,93.4,90.2,47.64M,-0.54%,2022-09-11
2022-09-18,86.0,92.15,92.25,85.7,50.39M,-6.42%,2022-09-18
2022-09-25,87.05,85.65,87.25,83.0,62.44M,1.22%,2022-09-25
2022-10-02,86.85,87.95,88.15,84.5,47.99M,-0.23%,2022-10-02
2022-10-09,85.1,85.5,89.5,85.05,48.78M,-2.01%,2022-10-09
2022-10-16,86.45,85.1,88.1,84.15,49.62M,1.59%,2022-10-16
2022-10-23,90.05,87.3,90.25,85.8,40.20M,4.16%,2022-10-23
2022-10-30,88.55,90.55,91.9,88.1,53.84M,-1.67%,2022-10-30
2022-11-06,88.85,88.55,90.8,87.95,40.90M,0.34%,2022-11-06
2022-11-13,90.3,88.6,91.55,87.9,45.87M,1.63%,2022-11-13
2022-11-20,93.25,90.3,93.85,89.5,61.27M,3.27%,2022-11-20
2022-11-27,93.2,93.3,95.4,92.05,67.29M,-0.05%,2022-11-27
2022-12-04,90.85,93.5,94.05,90.3,61.77M,-2.52%,2022-12-04
2022-12-11,96.75,91.1,100.2,90.2,113.23M,6.49%,2022-12-11
2022-12-18,91.55,97.15,98.5,91.0,73.34M,-5.37%,2022-12-18
2022-12-25,96.05,91.5,97.3,90.65,42.21M,4.92%,2022-12-25
2023-01-01,97.25,96.5,98.75,95.15,51.30M,1.25%,2023-01-01
2023-01-08,96.1,97.95,98.95,95.25,48.89M,-1.18%,2023-01-08
2023-01-15,99.0,96.4,99.2,95.8,41.36M,3.02%,2023-01-15
2023-01-22,99.15,100.0,102.85,97.9,62.05M,0.15%,2023-01-22
2023-01-29,92.8,99.25,99.9,91.05,109.84M,-6.40%,2023-01-29
2023-02-05,95.85,92.9,96.4,92.2,44.95M,3.29%,2023-02-05
2023-02-12,96.0,95.85,96.85,94.3,45.41M,0.16%,2023-02-12
2023-02-19,103.45,96.4,103.95,93.15,114.44M,7.76%,2023-02-19
2023-02-26,105.25,103.85,106.6,102.15,89.25M,1.74%,2023-02-26
2023-03-05,111.05,106.0,112.8,105.75,104.16M,5.51%,2023-03-05
2023-03-12,110.15,112.0,112.45,107.8,110.16M,-0.81%,2023-03-12
2023-03-19,103.5,110.15,111.3,101.9,113.21M,-6.04%,2023-03-19
2023-03-26,105.15,102.75,107.0,102.35,43.75M,1.59%,2023-03-26
2023-04-02,105.45,105.45,106.95,104.3,24.70M,0.29%,2023-04-02
2023-04-09,108.15,106.0,111.0,105.35,45.85M,2.56%,2023-04-09
2023-04-16,108.35,108.15,110.6,107.55,47.20M,0.18%,2023-04-16
2023-04-23,107.3,108.4,110.5,105.05,50.38M,-0.97%,2023-04-23
2023-04-30,107.65,108.0,109.0,106.35,26.52M,0.33%,2023-04-30
2023-05-07,108.05,107.7,110.2,106.25,36.89M,0.37%,2023-05-07
2023-05-14,104.85,108.0,113.95,102.95,75.97M,-2.96%,2023-05-14
2023-05-21,106.35,105.0,109.0,104.2,38.08M,1.43%,2023-05-21
2023-05-28,104.6,106.9,106.9,103.5,44.53M,-1.65%,2023-05-28
2023-06-04,104.9,105.0,106.0,104.1,32.24M,0.29%,2023-06-04
2023-06-11,107.5,105.0,108.0,104.55,39.18M,2.48%,2023-06-11
2023-06-18,105.05,107.85,108.7,103.3,52.61M,-2.28%,2023-06-18
2023-06-25,105.05,104.5,105.3,103.5,49.49M,0.00%,2023-06-25
2023-07-02,110.7,105.5,112.1,104.7,87.14M,5.38%,2023-07-02
2023-07-09,110.0,111.0,111.35,107.5,48.06M,-0.63%,2023-07-09
2023-07-16,111.5,110.0,112.3,108.35,45.99M,1.36%,2023-07-16
2023-07-23,117.5,112.2,118.25,111.55,90.57M,5.38%,2023-07-23
2023-07-30,115.3,120.35,122.95,114.2,150.96M,-1.87%,2023-07-30
2023-08-06,115.7,116.0,119.1,114.1,63.63M,0.35%,2023-08-06
2023-08-13,112.6,115.8,115.95,111.5,30.53M,-2.68%,2023-08-13
2023-08-20,116.5,112.8,119.2,112.35,59.01M,3.46%,2023-08-20
2023-08-27,121.35,116.3,122.3,114.75,69.48M,4.16%,2023-08-27
2023-09-03,128.05,122.7,128.85,121.3,121.58M,5.52%,2023-09-03
2023-09-10,123.85,128.95,129.55,120.8,82.34M,-3.28%,2023-09-10
2023-09-17,121.65,124.4,125.8,120.95,53.93M,-1.78%,2023-09-17
2023-09-24,124.4,121.8,125.0,120.0,48.79M,2.26%,2023-09-24
2023-10-01,124.6,124.4,126.05,120.15,49.23M,0.16%,2023-10-01
2023-10-08,128.25,122.4,132.15,120.9,111.32M,2.93%,2023-10-08
2023-10-15,125.05,128.4,132.45,123.25,110.99M,-2.50%,2023-10-15
2023-10-22,118.25,125.0,125.4,116.85,49.67M,-5.44%,2023-10-22
2023-10-29,123.75,118.75,124.2,116.15,86.77M,4.65%,2023-10-29
2023-11-05,125.6,124.7,125.9,122.9,35.21M,1.49%,2023-11-05
2023-11-12,126.25,126.0,129.05,124.8,37.61M,0.52%,2023-11-12
2023-11-19,124.5,125.65,126.45,122.9,33.04M,-1.39%,2023-11-19
2023-11-26,136.05,124.55,137.35,123.65,173.50M,9.28%,2023-11-26
2023-12-03,140.35,139.0,145.1,137.35,147.56M,3.16%,2023-12-03
2023-12-10,145.85,140.05,149.15,138.0,105.44M,3.92%,2023-12-10
2023-12-17,151.5,146.0,153.15,134.85,152.53M,3.87%,2023-12-17
2023-12-24,162.1,152.45,164.3,150.75,154.27M,7.00%,2023-12-24
2023-12-31,163.65,163.7,169.35,158.1,157.07M,0.96%,2023-12-31
2024-01-07,162.4,165.35,165.35,155.85,129.37M,-0.76%,2024-01-07
2024-01-14,168.3,163.7,169.2,157.75,132.96M,3.63%,2024-01-14
2024-01-21,165.4,170.25,171.8,155.75,92.11M,-1.72%,2024-01-21
2024-01-28,177.9,167.95,180.0,165.5,218.29M,7.56%,2024-01-28
2024-02-04,173.1,180.0,186.5,168.15,178.16M,-2.70%,2024-02-04
2024-02-11,182.6,173.1,186.5,166.35,110.32M,5.49%,2024-02-11
2024-02-18,179.9,183.0,187.85,177.7,65.13M,-1.48%,2024-02-18
2024-02-25,184.15,180.0,185.95,176.3,74.36M,2.36%,2024-02-25
2024-03-03,188.55,184.9,196.35,184.2,108.95M,2.39%,2024-03-03
2024-03-10,173.8,188.0,188.0,165.55,118.59M,-7.82%,2024-03-10
2024-03-17,174.1,174.5,178.0,168.7,55.48M,0.17%,2024-03-17
2024-03-24,181.05,174.1,183.7,172.05,47.09M,3.99%,2024-03-24
2024-03-31,190.75,181.4,191.75,177.5,98.31M,5.36%,2024-03-31
2024-04-07,201.1,191.05,209.9,191.05,152.37M,5.43%,2024-04-07
2024-04-14,201.95,197.0,213.65,196.6,129.78M,0.42%,2024-04-14
2024-04-21,208.05,204.5,211.7,195.95,106.55M,3.02%,2024-04-21
2024-04-28,203.8,208.9,212.25,200.65,60.63M,-2.04%,2024-04-28
2024-05-05,192.55,204.5,204.5,189.2,96.83M,-5.52%,2024-05-05
2024-05-12,203.9,192.55,205.3,187.35,103.40M,5.89%,2024-05-12
2024-05-19,204.45,206.0,211.3,198.25,135.00M,0.27%,2024-05-19
2024-05-26,204.3,206.75,207.15,197.9,101.09M,-0.07%,2024-05-26
2024-06-02,212.7,217.0,233.2,173.5,373.81M,4.11%,2024-06-02
2024-06-09,221.83,214.4,225.5,205.89,193.04M,4.29%,2024-06-09
2024-06-16,214.76,223.8,224.4,214.0,74.53M,-3.19%,2024-06-16
2024-06-23,219.55,212.9,223.15,208.55,103.40M,2.23%,2024-06-23
2024-06-30,222.96,220.25,226.0,217.28,90.97M,1.55%,2024-06-30
2024-07-07,228.71,223.5,234.1,219.86,113.65M,2.58%,2024-07-07
2024-07-14,219.76,229.6,239.11,219.02,83.73M,-3.91%,2024-07-14
2024-07-21,230.64,217.8,232.62,209.15,80.53M,4.95%,2024-07-21
2024-07-28,237.01,231.5,246.3,230.0,155.72M,2.76%,2024-07-28
2024-08-04,227.38,230.0,234.08,221.0,73.10M,-4.06%,2024-08-04
2024-08-11,232.55,226.48,234.9,225.07,55.76M,2.27%,2024-08-11
2024-08-18,229.47,234.0,241.65,228.85,62.70M,-1.32%,2024-08-18
2024-08-25,237.69,231.2,239.33,228.69,75.22M,3.58%,2024-08-25
2024-09-01,222.82,238.65,240.29,221.95,56.99M,-6.26%,2024-09-01
2024-09-08,218.87,222.1,223.0,215.0,52.19M,-1.77%,2024-09-08
2024-09-15,212.16,220.0,221.45,208.62,76.04M,-3.07%,2024-09-15
2024-09-22,236.98,213.0,237.9,211.63,103.55M,11.70%,2024-09-22
2024-09-29,230.19,234.0,245.0,229.24,86.52M,-2.87%,2024-09-29
2024-10-06,229.4,232.0,234.25,221.08,57.55M,-0.34%,2024-10-06
2024-10-13,221.43,229.4,234.5,217.35,69.72M,-3.47%,2024-10-13
2024-10-20,206.08,223.0,223.55,202.44,46.07M,-6.93%,2024-10-20
2024-10-27,200.16,205.0,209.28,198.05,49.37M,-2.87%,2024-10-27
2024-11-03,204.17,200.17,216.47,191.7,103.66M,2.00%,2024-11-03
2024-11-10,188.89,203.04,206.2,187.93,12.25M,-7.48%,2024-11-10
